Rv2959c	73	E	D	snp	GAT
Rv2963	164	left_clip
purU	143	M	L	snp	CTG
Rv2971	152	N	H	snp	CAC
Rv2975c	broken
ddlA	365	T	A	snp	GCA
gltS	121	H	Y	snp	TAT
Rv2997	284	D	A	snp	GCC
lppY	212	M	L	snp	TTG
PE29	47	left_clip
PE29	64	I	L	snp	CTC
Rv3026c	287	G	E	snp	GAA
Rv3038c	248	A	V	snp	GTG
serB2	116	G	E	snp	GAA
nrdE	128	V	I	snp	ATC
cyp136	445	D	G	snp	GGC
ligB	91	P	S	snp	TCG
cstA	552	R	P	snp	CCT
cstA	559	R	S	snp	AGT
Rv3074	77	A	P	snp	CCC
atsF	310	G	R	snp	CGC
Rv3085	141	S	Y	snp	TAC
Rv3087	447	L	V	snp	GTC
Rv3090	291	A	P	snp	CCA
Rv3093c	210	C	W	snp	TGG
lipY	58	G	A	snp	GCC
Rv3113	217	GVATVIDDEGTQVVAARLPFGWPADSGVTADIIEAAMELAIDTARHATAPFGAALLDVTTLRAFSG	right_extension
Rv3113	134	G	E	snp	GAA
Rv3114	1	left_clip
Rv3114	11	S	P	snp	CCA
moaE1	24	E	K	snp	AAA
cyp141	157	K	E	snp	GAA
Rv3122	1	left_clip
Rv3122	12	G	R	snp	AGG
moaR1	54	P	S	snp	TCA
devR	140	A	G	snp	GGC
Rv3137	168	P	L	snp	CTG
fadE24	430	I	L	snp	CTC
Rv3142c	83	60	right_clip
PPE52	400	K	Q	snp	CAG
nuoF	19	P	L	snp	CTG
nuoG	474	I	M	snp	ATG
nuoG	604	T	A	snp	GCG
Rv3161c	62	V	L	snp	CTC
Rv3190c	138	L	P	snp	CCG
Rv3193c	279	L	M	snp	ATG
Rv3204	34	T	A	snp	GCA
Rv3213c	144	K	E	snp	GAG
Rv3225c	123	Y	H	snp	CAT
Rv3228	1	left_clip
desA3	345	Q	P	snp	CCG
tgs3	267	VHDVVLTVIAGALGNWLMSRGEAVAPTATVRAMAPLSVYADDQLDSTGPGQAISQVTPFLVDLPVG	right_extension
mtrB	517	M	L	snp	CTG
pmmA	206	S	L	snp	TTG
manB	152	D	N	snp	AAC
Rv3272	181	V	M	snp	ATG
Rv3273	524	R	S	snp	AGC
lhr	997	S	N	snp	AAC
atsB	152	S	G	snp	GGT
lpdA	472	22	right_clip
lpdA	308	L	S	snp	TCG
sapM	130	L	F	snp	TTC
sdhD	54	V	L	snp	CTG
sigJ	41	P	Q	snp	CAG
Rv3329	83	R	H	snp	CAC
Rv3329	122	Q	H	snp	CAC
sugI	423	P	L	snp	CTG
Rv3342	240	A	V	snp	GTG
PPE54	103	E	A	snp	GCG
PPE54	375	E	Q	snp	CAG
PPE54	2157	I	T	snp	ACC
PPE54	2189	G	S	snp	AGC
PPE54	2447	L	V	snp	GTC
Rv3360	62	61	right_clip
otsB2	385	E	Q	snp	CAG
echA18.1	66	R	S	snp	AGC
Rv3377c	56	G	V	snp	GTA
dxs2	1	left_clip
idsB	132	V	G	snp	GGC
vapC46	42	A	T	snp	ACG
Rv3399	330	A	E	snp	GAG
Rv3400	71	A	T	snp	ACG
Rv3402c	16	A	E	snp	GAA
Rv3402c	130	L	R	snp	CGA
vapC47	46	S	L	snp	TTG
Rv3433c	443	S	A	snp	GCG
Rv3435c	270	L	H	snp	CAC
eccC4	1082	S	G	snp	GGC
eccC4	1225	E	A	snp	GCG
eccD4	335	I	T	snp	ACC
mycP4	87	T	A	snp	GCC
Rv3453	broken
Rv3454	122	T	A	snp	GCG
rmlB3	62	I	V	snp	GTC
Rv3475	broken
kgtP	81	L	F	snp	TTT
Rv3479	174	L	R	snp	CGC
lipF	183	95	right_clip
otsA	334	V	L	snp	CTG
echA19	86	G	D	snp	GAC
Rv3521	295	N	D	snp	GAC
ltp4	324	T	I	snp	ATC
Rv3528c	88	G	E	snp	GAA
PPE62	broken
Rv3542c	1	left_clip
fdxB	473	I	V	snp	GTC
PPE64	broken
fadE32	275	W	S	snp	TCG
aspB	358	R	Q	snp	CAG
hsaB	179	I	T	snp	ACC
ispF	1	left_clip
Rv3586	288	T	A	snp	GCG
Rv3591c	111	V	A	snp	GCG
ftsH	179	K	Q	snp	CAG
espA	192	T	I	snp	ATC
esxV	20	Q	L	snp	CTG
esxV	23	S	L	snp	TTG
PPE65	broken
Rv3630	40	A	T	snp	ACC
fic	166	2	del
Rv3649	93	L	P	snp	CCC
Rv3649	558	A	G	snp	GGC
Rv3651	179	I	T	snp	ACC
Rv3654c	39	left_clip
Rv3655c	14	left_clip
Rv3655c	100	26	right_clip
Rv3658c	100	left_clip
Rv3658c	102	G	S	snp	AGT
trbB	168	left_clip
dppA	21	left_clip
acs	183	I	M	snp	ATG
Rv3671c	363	I	V	snp	GTC
Rv3699	50	G	E	snp	GAA
gshA	242	D	G	snp	GGC
Rv3705c	54	E	D	snp	GAT
leuA	575	19	del
dnaQ	76	G	D	snp	GAC
dnaQ	211	V	L	snp	TTG
dnaZX	148	H	Y	snp	TAC
cut5b	83	A	S	snp	TCG
Rv3725	251	EVAGTTMLAVPVPDSALRVAGSVLDQAGPYLPFNTPFTAAGMQYYTQMPESDDSPSEKELGITYRDPRDTVADTVTALRGLGS	right_extension
Rv3725	176	V	L	snp	CTC
Rv3729	269	P	S	snp	TCG
ligC	313	R	H	snp	CAC
Rv3737	40	D	G	snp	GGT
proX	85	L	P	snp	CCG
tcrY	246	C	R	snp	CGT
Rv3770c	98	P	A	snp	GCC
hisC2	142	T	A	snp	GCG
Rv3776	329	M	V	snp	GTG
Rv3776	348	A	V	snp	GTC
Rv3777	160	V	A	snp	GCC
Rv3779	431	P	S	snp	TCG
Rv3785	186	172	right_clip
Rv3786c	348	Q	R	snp	CGA
embC	738	R	Q	snp	CAG
accD4	1	left_clip
pks13	866	E	A	snp	GCG
fadD32	227	G	S	snp	AGC
Rv3818	87	P	A	snp	GCC
Rv3822	36	K	E	snp	GAA
Rv3830c	148	P	L	snp	CTC
Rv3833	105	V	I	snp	ATC
Rv3839	122	P	S	snp	TCC
Rv3839	131	R	Q	snp	CAG
Rv3839	217	A	T	snp	ACT
glpQ1	255	H	Y	snp	TAC
Rv3847	169	QFWQCCLQHKEIRRSLFGRRIAKYGWPNLSDILVHTKYDR	right_extension
Rv3856c	306	A	V	snp	GTC
gltD	215	V	F	snp	TTC
Rv3860	72	A	V	snp	GTC
eccB1	170	M	I	snp	ATA
PE35	99	1	right_clip
eccD1	105	L	V	snp	GTG
espK	247	left_clip
espK	729	1	right_clip
eccA2	215	E	G	snp	GGG
Rv3888c	56	V	G	snp	GGC
PPE69	19	T	K	snp	AAG
eccC2	258	R	P	snp	CCC
Rv3896c	193	Q	K	snp	AAA
Rv3897c	42	left_clip
Rv3897c	166	APAVPNGQPVKGRLTVPPSVPVKSADDKPVVTKSTRRILVVPNDDKVKE	right_extension
Rv3898c	broken
Rv3900c	1	left_clip
Rv3900c	190	122	right_clip
Rv3900c	21	P	A	snp	GCG
esxE	80	G	V	snp	GTC
esxF	7	L	Q	snp	CAG
Rv3910	509	H	P	snp	CCC
sigM	160	63	right_clip
Rv3912	214	R	W	snp	TGG
trxC	51	A	T	snp	ACC
Rv3916c	1	left_clip
Rv3921c	39	A	G	snp	GGC
Rv2456c	80	7	del
mmuM	125	Y	C	snp	TGC
pepN	800	S	G	snp	GGC
gdh	325	V	M	snp	ATG
gdh	1043	S	G	snp	GGC
plsB2	778	C	R	snp	CGC
Rv2484c	466	G	D	snp	GAT
Rv2488c	385	left_clip
Rv2492	70	A	D	snp	GAC
accD1	130	M	I	snp	ATC
accD1	243	A	V	snp	GTT
accD1	378	D	A	snp	GCC
Rv2513	122	T	K	snp	AAG
PE26	330	S	L	snp	TTG
fas	2771	C	R	snp	CGC
adi	376	V	I	snp	ATC
Rv2542	211	T	A	snp	GCC
lppB	1	left_clip
lppB	41	K	T	snp	ACA
lppB	43	P	R	snp	CGG
lppB	44	H	R	snp	CGC
lppB	47	G	D	snp	GAC
Rv2553c	57	-	V	ins
Rv2557	77	A	V	snp	GTG
Rv2557	103	A	P	snp	CCC
Rv2560	210	V	L	snp	CTC
Rv2561	broken
glnQ	243	M	L	snp	CTG
Rv2566	610	L	P	snp	CCC
Rv2567	645	Q	R	snp	CGG
Rv2571c	163	F	S	snp	TCC
Rv2578c	161	T	I	snp	ATC
apt	1	left_clip
apt	17	A	P	snp	CCG
apt	147	A	E	snp	GAG
Rv2585c	462	C	S	snp	TCT
vapC40	77	C	R	snp	CGC
Rv2611c	102	I	M	snp	ATG
Rv2611c	197	S	C	snp	TGT
Rv2613c	1	left_clip
Rv2621c	12	E	V	snp	GTG
Rv2622	206	V	I	snp	ATT
Rv2624c	44	S	L	snp	TTA
Rv2627c	104	R	G	snp	GGA
Rv2638	64	A	T	snp	ACC
Rv2649	broken
Rv2650c	3	N	T	snp	ACT
Rv2650c	101	I	T	snp	ACC
Rv2668	23	left_clip
Rv2672	317	H	D	snp	GAT
echA15	145	T	N	snp	AAC
arsB1	378	A	G	snp	GGA
Rv2686c	1	left_clip
Rv2686c	28	P	Q	snp	CAG
Rv2688c	156	P	T	snp	ACC
ceoB	117	T	A	snp	GCC
ceoB	224	G	E	snp	GAG
ceoC	133	I	V	snp	GTC
ppgK	203	I	T	snp	ACA
Rv2714	162	P	S	snp	TCG
Rv2714	245	V	A	snp	GCG
Rv2719c	124	Y	H	snp	CAT
Rv2723	260	Y	H	snp	CAC
hflX	128	A	V	snp	GTG
Rv2729c	202	A	E	snp	GAG
hsdM	173	G	D	snp	GAC
hsdM	306	L	P	snp	CCG
hsdS	119	L	R	snp	CGG
thyA	1	left_clip
fabG5	67	D	N	snp	AAT
PPE43	28	G	W	snp	TGG
PPE43	50	M	T	snp	ACG
PE27	270	V	M	snp	ATG
PPE44	194	F	S	snp	TCC
PPE44	238	P	L	snp	CTG
Rv2771c	80	L	P	snp	CCC
pepR	355	G	R	snp	CGA
pptT	87	M	V	snp	GTG
Rv2802c	182	L	F	snp	TTT
Rv2804c	73	A	V	snp	GTC
Rv2804c	132	G	D	snp	GAC
Rv2805	4	G	D	snp	GAC
Rv2807	290	95	right_clip
Rv2807	72	E	V	snp	GTG
Rv2807	288	K	S	snp	AGC
Rv2823c	101	-	YIA	ins
Rv2825c	2	K	E	snp	GAA
Rv2825c	162	S	C	snp	TGC
Rv2827c	1	left_clip
Rv2827c	32	K	N	snp	AAC
Rv2827c	71	A	V	snp	GTA
vapB22	56	A	V	snp	GTG
Rv2854	159	G	S	snp	AGC
mapB	2	P	L	snp	CTT
Rv2862c	50	C	R	snp	CGT
relG	1	left_clip
rip	259	V	F	snp	TTC
dipZ	672	Y	D	snp	GAT
Rv2879c	1	left_clip
Rv2880c	178	EPLANYARVLAAVQRITARPPSGFGISARAVTVSTVGLAPAIRNLADARLGVTLALSLHAPDDGLRDTLVPVNNRWRISEALDAARYYANVTGRRVSIEYALIRDVNDQPWRADLLGKRLHRVLGPLAHVNLIPLNPTPGSDWDASPKPVEREFVKRV	right_extension
amiC	103	A	V	snp	GTG
Rv2912c	121	K	M	snp	ATG
Rv2917	594	R	L	snp	CTG
smc	263	A	V	snp	GTG
smc	437	V	E	snp	GAG
ppsA	broken
mas	1564	I	T	snp	ACT
pks15	493	PSMVPWVISARSAEALTAQAGRLMAHVQANPGLDPIDVGCSLASRSVFEHRAVVVGASREQLIAGLA	right_extension
pks15	491	R	P	snp	CCG
fadD29	410	N	H	snp	CAC
Rv2953	388	R	Q	snp	CAG
mce3A	47	A	T	snp	ACG
mce3F	396	A	E	snp	GAG
Rv1978	14	left_clip
Rv1978	226	S	T	snp	ACT
PE_PGRS35	253	left_clip
ctpG	692	21	del
ctpG	713	S	P	snp	CCC
Rv1999c	240	L	M	snp	ATG
Rv2017	262	A	E	snp	GAG
Rv2024c	154	D	G	snp	GGC
pfkB	221	L	F	snp	TTC
Rv2037c	312	C	Y	snp	TAT
Rv2038c	114	E	A	snp	GCG
Rv2039c	1	left_clip
Rv2039c	131	V	F	snp	TTC
Rv2044c	broken
pks12	172	Y	C	snp	TGC
pks12	2147	H	Q	snp	CAA
pks12	3371	G	R	snp	CGT
pks12	3649	P	A	snp	GCG
ppm1	518	A	V	snp	GTA
cobG	233	R	Q	snp	CAG
cobI	8	W	G	snp	GGG
Rv2067c	184	D	G	snp	GGT
cobM	145	I	M	snp	ATG
cobL	198	V	A	snp	GCG
cobL	205	L	P	snp	CCC
Rv2075c	117	T	S	snp	AGT
Rv2075c	364	P	Q	snp	CAG
Rv2076c	1	left_clip
Rv2076c	25	C	Y	snp	TAC
Rv2078	1	left_clip
Rv2078	6	E	G	snp	GGA
Rv2079	47	Y	C	snp	TGC
Rv2082	321	left_clip
Rv2082	638	P	R	snp	CGC
Rv2083	256	L	V	snp	GTG
Rv2084	282	97	right_clip
Rv2090	166	V	G	snp	GGC
Rv2090	358	F	L	snp	TTG
Rv2091c	225	K	M	snp	ATG
pafC	311	Q	E	snp	GAG
helZ	601	P	Q	snp	CAG
prcA	135	R	P	snp	CCC
prcA	182	R	G	snp	GGT
PPE37	1	left_clip
PPE37	407	67	right_clip
Rv2125	1	left_clip
Rv2125	33	G	S	snp	AGC
ansP1	1	left_clip
ansP1	9	G	D	snp	GAC
murG	36	V	L	snp	TTG
murD	247	R	G	snp	GGG
Rv2160A	101	left_clip
Rv2160A	155	C	R	snp	CGC
Rv2160c	10	left_clip
Rv2160c	63	V	A	snp	GCG
pknL	254	A	T	snp	ACA
aroG	265	D	E	snp	GAA
Rv2180c	266	V	I	snp	ATC
fadD15	100	T	I	snp	ATC
fadD15	556	S	W	snp	TGG
Rv2190c	274	T	M	snp	ATG
cobT	207	W	G	snp	GGG
ephD	43	V	L	snp	CTG
ephD	298	A	G	snp	GGC
Rv2223c	324	G	R	snp	CGC
Rv2226	299	D	N	snp	AAT
cobD	79	S	C	snp	TGC
Rv2242	323	M	T	snp	ACG
Rv2250A	broken
Rv2251	64	VQLRPSALSGADHDALARIVGTEYFRTADRDRLLHAGGKSTPDLLRRKDTGVQDAPDAVLLPGG	left_extension
Rv2251	53	T	N	snp	AAC
Rv2262c	332	PLFGWITRYSKAAAKDRQRGAGPVVLAVNSLHIAPLISYEMTFSDLTRHAARLGAALLVYQSSTSTFQGSWAQPQLAAQPAVRAVEAG	right_extension
Rv2262c	329	-	V	ins
cyp124	151	S	P	snp	CCG
cyp124	256	E	D	snp	GAC
Rv2267c	90	R	C	snp	TGT
lppO	1	left_clip
lppO	16	A	S	snp	TCG
Rv2293c	222	GCQPCSAPDRSLGYTGNFFQAAGPWLKNALISNLNIVSTVNPGFDAVDQETAAAQAVADAHGVPFLGIRGMSDGPGDPLHLPGFPV	right_extension
Rv2307c	24	M	T	snp	ACG
uspA	127	V	L	snp	CTG
uspC	219	A	T	snp	ACC
PE23	282	S	R	snp	AGG
lppP	23	left_clip
stp	69	D	Y	snp	TAC
stp	200	L	V	snp	GTG
Rv2337c	119	G	V	snp	GTC
mmpL9	241	T	A	snp	GCC
Rv2345	389	V	G	snp	GGG
plcA	356	157	right_clip
Rv2360c	66	A	T	snp	ACC
Rv2372c	191	A	G	snp	GGT
mbtG	357	P	S	snp	TCG
mbtF	589	E	D	snp	GAC
ggtB	231	P	S	snp	TCG
Rv2395	30	N	S	snp	AGC
cysW	141	G	A	snp	GCC
subI	76	A	T	snp	ACG
Rv2402	565	L	P	snp	CCG
Rv2423	158	G	E	snp	GAG
Rv2423	283	S	F	snp	TTT
Rv2433c	1	left_clip
Rv2433c	26	L	R	snp	CGG
rbsK	282	V	A	snp	GCC
proB	226	A	S	snp	TCG
rpfE	126	R	Q	snp	CAG
Rv2451	56	G	R	snp	AGG
Rv2454c	293	V	A	snp	GCG
Rv0987	717	F	V	snp	GTC
grcC2	321	I	V	snp	GTA
Rv0990c	54	S	A	snp	GCC
galU	235	Q	R	snp	CGG
rimJ	81	D	Y	snp	TAT
metS	39	R	G	snp	GGC
tatD	262	M	I	snp	ATC
lpqU	225	I	S	snp	AGC
eno	1	left_clip
eno	8	R	G	snp	GGG
kdpD	368	P	S	snp	TCC
kdpA	265	L	Q	snp	CAG
esxI	20	Q	L	snp	CTG
Rv1046c	172	SARLGRRSAAHRHSIARNARAIPFVV	right_extension
Rv1054	86	A	E	snp	GAG
PE_PGRS19	111	L	W	snp	TGG
Rv1069c	271	T	S	snp	TCC
Rv1086	259	S	R	snp	CGC
PE10	broken
glyA1	191	V	F	snp	TTC
mazF3	65	T	I	snp	ATC
Rv1104	128	A	V	snp	GTC
lytB2	83	E	D	snp	GAC
Rv1115	186	N	K	snp	AAA
ephC	89	S	R	snp	CGC
Rv1125	101	S	G	snp	GGC
ppdK	69	G	E	snp	GAA
Rv1128c	270	E	G	snp	GGA
prpD	1	left_clip
prpD	3	D	G	snp	GGT
PPE16	broken
Rv1144	11	T	S	snp	AGC
mmpL13a	277	TSGRTVLFSAVTVALSMSATALFPMYFLKSFAYAGVATVAFVATASIVITPAAIVLLGPRLDALDVRRLVRRLLGRPDPVHKPVKQLF	right_extension
Rv1148c	271	L	V	snp	GTC
Rv1155	115	S	P	snp	CCG
narG	1	left_clip
fadH	210	C	S	snp	TCC
fadH	603	G	S	snp	AGC
Rv1176c	159	H	R	snp	CGT
PPE18	159	T	A	snp	GCG
PPE18	186	A	V	snp	GTC
PPE18	384	M	I	snp	ATT
dapD	52	A	T	snp	ACC
Rv1218c	243	Q	R	snp	CGA
tatB	1	left_clip
tatB	8	W	G	snp	GGG
lpqX	184	R	H	snp	CAT
Rv1230c	15	left_clip
Rv1230c	45	S	G	snp	GGC
Rv1232c	149	C	G	snp	GGC
lpqY	1	left_clip
Rv1248c	764	V	M	snp	ATG
Rv1251c	875	265	right_clip
deaD	355	S	L	snp	TTG
Rv1273c	462	G	K	snp	AAG
oppB	257	G	E	snp	GAG
cysN	395	T	I	snp	ATC
Rv1291c	19	left_clip
hemK	194	R	C	snp	TGC
atpB	166	T	M	snp	ATG
alkA	1	left_clip
alkA	12	I	V	snp	GTC
Rv1319c	439	D	E	snp	GAG
Rv1320c	531	T	A	snp	GCG
glgB	470	S	P	snp	CCT
glgP	425	V	M	snp	ATG
dinG	80	T	K	snp	AAG
pncB1	447	2	right_clip
pncB1	429	G	A	snp	GCC
cysM	156	168	right_clip
irtA	48	A	V	snp	GTT
Rv1356c	206	A	T	snp	ACA
PPE19	1	left_clip
PPE19	4	F	V	snp	GTC
Rv1362c	1	left_clip
Rv1364c	465	A	E	snp	GAG
Rv1367c	169	I	V	snp	GTC
Rv1373	231	P	L	snp	CTG
Rv1378c	37	R	W	snp	TGG
pyrC	2	left_clip
pyrC	10	P	L	snp	CTC
carA	1	left_clip
carA	23	G	E	snp	GAA
mihF	1	left_clip
mihF	31	R	C	snp	TGC
cyp132	135	R	L	snp	CTG
PE_PGRS25	66	R	S	snp	AGC
priA	624	A	T	snp	ACG
uvrC	434	V	A	snp	GCG
Rv1424c	33	R	T	snp	ACG
Rv1431	65	N	T	snp	ACC
Rv1435c	broken
opcA	192	R	P	snp	CCA
tal	244	T	A	snp	GCC
tkt	1	left_clip
tkt	18	Y	D	snp	GAC
PE_PGRS28	16	S	L	snp	TTA
Rv1453	405	P	Q	snp	CAA
Rv1459c	113	K	E	snp	GAA
Rv1462	183	N	D	snp	GAC
Rv1462	294	T	N	snp	AAC
echA12	56	A	E	snp	GAG
Rv1486c	2	W	R	snp	CGG
Rv1486c	198	K	N	snp	AAT
Rv1498c	191	R	H	snp	CAC
Rv1502	13	S	P	snp	CCG
Rv1502	213	Y	C	snp	TGC
Rv1508c	1	left_clip
Rv1508c	16	P	S	snp	TCG
Rv1517	188	L	F	snp	TTC
Rv1518	256	W	G	snp	GGG
fadD25	541	H	R	snp	CGC
mmpL12	381	S	P	snp	CCC
wbbL2	158	V	I	snp	ATC
dinX	457	V	I	snp	ATC
dnaE1	249	T	I	snp	ATC
PPE21	306	left_clip
fadD11.1	11	MGRHGSRWSRP	left_extension
mmpL6	1	left_clip
mmpL6	8	G	S	snp	AGC
mmpL6	328	L	R	snp	CGT
ilvA	1	left_clip
ilvA	19	G	R	snp	AGG
treY	221	H	Q	snp	CAG
bioD	191	M	T	snp	ACG
Rv1587c	167	A	G	snp	GGC
Rv1587c	178	E	D	snp	GAC
Rv1587c	198	N	K	snp	AAA
Rv1588c	56	A	T	snp	ACG
Rv1592c	322	I	V	snp	GTT
Rv1597	1	left_clip
Rv1597	21	G	D	snp	GAT
hisB	5	Q	E	snp	GAG
impA	124	P	Q	snp	CAA
trpE	409	A	T	snp	ACC
Rv1619	16	P	S	snp	TCG
cya	160	V	L	snp	TTG
uvrB	1	left_clip
Rv1634	198	G	R	snp	CGG
infC	broken
tsnR	232	L	P	snp	CCG
PE17	285	T	I	snp	ATA
Rv1647	2	left_clip
pheS	276	A	D	snp	GAC
PE_PGRS30	broken
pks8	811	792	right_clip
pks9	958	L	R	snp	CGG
Rv1668c	348	RGKTVRLAVLDQHGDDLAPFADDRIADVLGRLRGGYQVEGREVTPTQLLERLGFRRDQLSARVDDLSGGQRRRLQLMLTLLSEPNVLLL	right_extension
Rv1687c	9	left_clip
tlyA	1	left_clip
Rv1700	150	Y	H	snp	CAT
Rv1702c	416	R	L	snp	CTC
cycA	93	R	L	snp	CTG
PPE22	313	L	V	snp	GTG
Rv1716	276	1	right_clip
Rv1716	178	S	G	snp	GGT
Rv1726	298	V	M	snp	ATG
Rv1733c	68	Q	H	snp	CAT
Rv1739c	134	R	L	snp	CTA
Rv1742	broken
pknF	255	A	V	snp	GTG
Rv1751	120	E	V	snp	GTG
PPE24	488	N	T	snp	ACC
Rv1769	401	D	A	snp	GCC
Rv1770	4	A	D	snp	GAC
cyp144	305	E	Q	snp	CAG
cyp143	334	G	A	snp	GCA
PPE25	226	T	R	snp	AGG
PPE31	223	F	S	snp	TCC
PPE31	234	V	L	snp	CTC
PPE32	301	G	A	snp	GCA
PPE33	22	G	S	snp	AGT
PPE33	252	V	L	snp	TTG
Rv1815	83	I	F	snp	TTC
Rv1816	233	SIEAAAIGVSSRN	right_extension
gnd1	89	2	del
apa	136	F	L	snp	CTC
lldD2	59	G	A	snp	GCT
Rv1883c	73	-	VCEVT	ins
Rv1888c	187	VIGVNRWALRVRAYTTLMRDEYPPLRLDMGPREQVSQPATAASDYSAGGAESP	right_extension
Rv1895	272	113	right_clip
Rv1895	270	V	C	snp	TGC
lipJ	204	I	M	snp	ATG
aao	206	Q	K	snp	AAA
katG	463	R	L	snp	CTG
fadB5	broken
aceAa	296	YELGVKELNGHLLYALGDSEYAAAGGWLERQGIFGLVSDAVNAWREDGQQSIDGIFDQVESRFVAAWEDDAGLMTYGEAVADVLEFGQSEGEPIGMAPEEWRAFAARASLHAARAKAKELGADPPWDCELAKT	right_extension
aceAa	179	G	D	snp	GAC
PPE34	247	left_clip
PPE35	896	L	S	snp	TCG
lppF	424	GLLNQAPGTPQGRLRRPSARAVRPGIDLDRLRARPASARCRVR	right_extension
fadE17	1	left_clip
fadE17	21	A	V	snp	GTC
Rv1936	68	Q	H	snp	CAC
Rv1948c	5	G	R	snp	CGT
Rv1949c	broken
Rv1961	118	A	T	snp	ACG
Rv0465c	106	C	R	snp	CGC
umaA	218	2	del
umaA	220	S	E	snp	GAG
Rv0470A	77	left_clip
senX3	25	left_clip
Rv0493c	174	S	G	snp	GGT
mmpL2	426	R	H	snp	CAC
mmpL2	895	I	V	snp	GTC
hemD	456	D	E	snp	GAG
Rv0519c	1	left_clip
Rv0519c	33	G	D	snp	GAC
Rv0537c	1	left_clip
Rv0538	228	R	P	snp	CCG
pitA	49	P	S	snp	TCT
Rv0546c	129	RTPQNAGLRDW	right_extension
Rv0556	1	left_clip
Rv0556	15	L	R	snp	CGC
Rv0565c	453	S	A	snp	GCC
Rv0572c	31	F	L	snp	CTC
Rv0576	233	R	H	snp	CAC
yrbE2B	66	L	M	snp	ATG
mce2A	51	F	S	snp	TCC
mce2B	256	ADRPLLHSSFGHLEGIQQPLIDELAELDHVLGKLPDAYRIIGRAGGIYGDFFNFYLCDISLKVNGLQPGGPVRTVKLFGQP	right_extension
mce2B	33	F	L	snp	TTG
mce2D	466	43	right_clip
Rv0613c	487	H	R	snp	CGC
galTb	broken
galK	199	C	R	snp	CGT
Rv0633c	161	R	Q	snp	CAA
Rv0654	broken
vapC6	65	W	L	snp	TTG
Rv0658c	75	L	P	snp	CCC
atsD	349	D	G	snp	GGC
mmpL5	794	T	I	snp	ATC
mmpL5	948	I	V	snp	GTT
Rv0688	226	G	R	snp	CGG
Rv0698	1	left_clip
fucA	6	A	D	snp	GAC
serA2	242	R	H	snp	CAC
serA2	248	V	A	snp	GCC
Rv0739	12	VPDETGLGADAA	left_extension
Rv0744c	30	M	I	snp	ATA
vapC31	22	left_clip
Rv0750	41	E	K	snp	AAG
PPE12	broken
phoR	172	P	L	snp	CTC
cyp51	132	G	A	snp	GCC
Rv0765c	134	V	A	snp	GCG
ptrBa	202	RTVYYTTVDAAWRPDTVWRYRLGSGESSERVYHEADDRFWLAVGRTRSNAYLLIAAGSSITSEVRYAHAADPTAQFSVVLPRRDGVEYSVEHAVIA	right_extension
ptrBb	41	left_clip
Rv0785	408	C	F	snp	TTC
Rv0787	267	Y	H	snp	CAC
lpdB	177	R	Q	snp	CAG
pepC	139	L	R	snp	CGG
purL	387	V	A	snp	GCA
purF	476	R	L	snp	CTG
pabC	107	V	A	snp	GCC
Rv0825c	7	MEFRRAV	left_extension
Rv0830	12	A	K	snp	AAG
Rv0830	299	L	F	snp	TTC
Rv0836c	218	WPTTTASRRPLVEALLDQLTPGS	right_extension
pip	231	1	del
Rv0845	219	A	E	snp	GAG
cysK2	93	G	S	snp	AGT
cysK2	101	A	S	snp	TCC
pdc	335	A	P	snp	CCG
Rv0862c	749	L	S	snp	TCG
PE_PGRS15	607	QPG	right_extension
Rv0881	115	G	R	snp	CGC
Rv0890c	220	R	C	snp	TGC
Rv0890c	866	P	A	snp	GCC
Rv0891c	37	V	G	snp	GGT
Rv0897c	82	R	W	snp	TGG
accD3	328	L	P	snp	CCG
echA6	85	S	F	snp	TTC
Rv0906	186	P	L	snp	CTG
Rv0907	23	left_clip
ctpE	362	A	G	snp	GGC
Rv0918	46	S	G	snp	GGT
Rv0918	52	L	S	snp	TCG
Rv0923c	331	P	L	snp	CTC
Rv0927c	84	A	V	snp	GTT
pstA1	1	left_clip
pstA1	305	4	right_clip
pstA1	5	M	T	snp	ACG
ligD	344	C	R	snp	CGC
Rv0945	180	R	G	snp	GGC
pgi	73	R	W	snp	TGG
Rv0958	274	S	P	snp	CCC
Rv0959	32	G	A	snp	GCC
Rv0959	90	R	L	snp	CTG
lprP	186	P	L	snp	CTC
Rv0964c	124	P	T	snp	ACT
Rv0966c	99	R	S	snp	AGC
Rv0966c	175	V	A	snp	GCG
ctpV	484	D	N	snp	AAT
accD2	51	N	K	snp	AAG
PE_PGRS18	broken
mprB	339	L	H	snp	CAT
recF	56	A	V	snp	GTC
recF	245	I	T	snp	ACC
gyrA	5	left_clip
gyrA	21	E	Q	snp	CAG
gyrA	95	S	T	snp	ACC
gyrA	252	R	L	snp	CTA
gyrA	668	G	D	snp	GAC
Rv0008c	145	1	right_clip
trpG	68	I	M	snp	ATG
fhaA	237	6	del
Rv0021c	broken
whiB5	2	A	T	snp	ACA
Rv0023	182	G	D	snp	GAC
Rv0024	59	R	W	snp	TGG
bioF2	92	left_clip
Rv0039c	24	C	F	snp	TTC
Rv0045c	83	left_clip
Rv0045c	194	V	I	snp	ATC
ino1	190	R	G	snp	GGG
Rv0048c	250	V	A	snp	GCC
ponA1	394	A	S	snp	TCG
ponA1	631	-	PP	ins
dnaB	552	R	G	snp	GGG
Rv0060	179	L	H	snp	CAC
Rv0061c	90	P	S	snp	TCC
celA1	361	P	S	snp	TCT
Rv0063	1	left_clip
Rv0064	457	G	D	snp	GAT
Rv0064	550	V	F	snp	TTC
Rv0064	733	N	D	snp	GAC
icd2	655	G	S	snp	AGT
Rv0068	214	V	L	snp	CTG
Rv0071	25	left_clip
PPE1	138	V	A	snp	GCC
nrp	1408	F	L	snp	CTT
Rv0104	402	Y	H	snp	CAT
Rv0104	477	G	R	snp	AGG
gca	247	D	E	snp	GAA
oxcA	224	S	G	snp	GGC
fusA2	562	N	S	snp	AGT
mak	18	S	P	snp	CCG
fbpC	158	G	S	snp	AGC
fbpC	160	S	A	snp	GCC
Rv0141c	78	T	A	snp	GCG
Rv0144	130	A	T	snp	ACC
Rv0146	broken
Rv0149	281	42	right_clip
PE1	286	G	A	snp	GCG
PE1	369	G	R	snp	CGC
PE3	14	T	A	snp	GCG
PE3	175	S	P	snp	CCC
PE4	197	F	S	snp	TCC
mce1R	175	FAADPRWGADAVNSHRQLIAALRRRDTAAVIEHTVWQFTDGARRLTEALAETEVFG	right_extension
mce1R	171	G	P	snp	CCG
mce1R	173	G	Q	snp	CAG
yrbE1B	248	G	C	snp	TGC
mce1A	313	S	A	snp	GCC
mce1C	340	G	R	snp	AGG
mce1F	370	L	P	snp	CCG
Rv0175	89	R	P	snp	CCC
Rv0192	127	S	P	snp	CCG
Rv0192	259	P	S	snp	TCG
Rv0193c	417	K	E	snp	GAG
Rv0194	74	M	T	snp	ACG
Rv0194	1072	Q	R	snp	CGG
Rv0195	8	left_clip
Rv0197	749	14	right_clip
Rv0197	733	H	D	snp	GAC
zmp1	145	T	P	snp	CCC
Rv0205	182	186	right_clip
Rv0209	162	V	A	snp	GCG
Rv0210	486	A	T	snp	ACG
nadR	broken
Rv0213c	193	D	G	snp	GGC
Rv0216	105	V	M	snp	ATG
Rv0218	316	C	R	snp	CGT
Rv0221	309	L	P	snp	CCG
Rv0223c	454	G	S	snp	AGC
Rv0229c	175	R	L	snp	CTT
fadE4	161	G	A	snp	GCC
nrdB	33	H	D	snp	GAT
aftD	1080	S	G	snp	GGC
aftD	1117	H	Y	snp	TAC
htdX	2	left_clip
PPE2	296	L	P	snp	CCG
Rv0259c	182	A	V	snp	GTG
Rv0260c	332	L	V	snp	GTA
fadE6	139	E	Q	snp	CAA
PPE3	337	S	P	snp	CCG
eccA3	6	E	A	snp	GCA
eccC3	214	P	R	snp	CGG
PPE4	52	L	M	snp	ATG
eccD3	39	R	C	snp	TGC
eccE3	217	N	D	snp	GAT
tam	101	W	C	snp	TGC
Rv0299	1	left_clip
Rv0299	30	A	T	snp	ACG
PPE5	broken
PPE6	810	YNTGMANTGNINTGAFISGNHSNGLLWRGDNQGLIDLAIGVDIPEIPIVSVDVNIPIHIPITASFTDIVYSGLDLPPNTAVTVIFFGPVDIDPFTVPVIRITGPTPVVMVGGPTTAINIGATVGVDAINIPIIHIPATPGFGNSTGGLSSGFFNSGAGSASGFGNFGGAASGFMNLVSTTSGMSGFLNVGALGSGVANVGNTISGIYNVGTSDL	right_extension
Rv0315	260	K	T	snp	ACG
Rv0318c	223	G	A	snp	GCG
Rv0324	168	T	A	snp	GCT
Rv0325	broken
Rv0336	44	A	V	snp	GTG
Rv0338c	506	R	G	snp	GGG
Rv0339c	733	D	G	snp	GGT
dnaJ1	76	R	H	snp	CAC
PPE7	126	NSDFQNFGNLLSGWANLGNTVSGFYNTSMLDLATQALISGFGNHGARLSGILNNGSGP	right_extension
PPE8	741	D	N	snp	AAC
PPE8	1920	S	F	snp	TTC
PPE8	2436	5	del
Rv0368c	249	R	H	snp	CAT
Rv0369c	23	G	R	snp	CGG
Rv0370c	140	R	G	snp	GGG
Rv0376c	14	T	P	snp	CCG
Rv0377	202	V	I	snp	ATA
Rv0378	broken
Rv0387c	200	A	G	snp	GGG
PPE9	broken
Rv0393	177	Q	R	snp	CGG
mmpL1	569	390	right_clip
fadD30	585	1	right_clip
fadD30	529	I	L	snp	CTC
pks6	27	left_clip
pks6	1402	1	right_clip
pks6	229	S	N	snp	AAC
pta	122	G	A	snp	GCC
Rv0412c	355	D	Y	snp	TAC
thiG	75	S	C	snp	TGC
lpqM	297	A	T	snp	ACG
ctpH	689	M	V	snp	GTG
Rv0428c	139	V	F	snp	TTC
Rv0428c	149	D	G	snp	GGC
Rv0435c	294	A	T	snp	ACC
pssA	167	G	V	snp	GTC
PPE10	147	W	S	snp	TCG
Rv0457c	428	T	A	snp	GCA
F6	31	C	CG	ins
mcr11	78	G	A	snp
mcr3	41	G	A	snp
ncrMT3949	3	C	T	snp
-	18354	T	C	snp
-	72800	C	T	snp
-	81750	C	T	snp
-	83314	AC	A	del
-	290549	T	C	snp
-	310557	A	G	snp
-	323980	CTCGGCGACGATGCGGTCCCGCTGGGGTCCGCTGAGGAGCCGGGCAGTCGGACCTAGT	C	del
-	351628	T	C	snp
-	354496	T	C	snp
-	519398	C	CCGTATCGTCGCCGACCGCTTGGGAGACCCGCGAGCGCGTGCCGTGGTGTTCTTGCATGGCGGTGGACAGACGCGACGCTCA	ins
-	531357	G	T	snp
-	790109	T	C	snp
-	820845	A	AG	ins
-	854279	G	A	snp
-	996320	CGTGCCACCCCCTAG	C	del
-	1062996	G	A	snp
-	1108943	T	G	snp
-	1243040	C	T	snp
-	1438066	C	CGAA	ins
-	1580672	C	T	snp
-	1583548	C	A	snp
-	1658834	G	T	snp
-	1690778	A	G	snp
-	1730874	A	C	snp
-	1773991	G	A	snp
-	1779170	A	G	snp
-	1779186	G	GT	ins
-	1792261	A	G	snp
-	1870055	G	C	snp
-	1888324	C	CCGG	ins
-	1894965	C	G	snp
-	1971209	G	C	snp
-	2023022	C	G	snp
-	2042826	G	A	snp
-	2042965	AT	A	del
-	2044469	CT	C	del
-	2146473	A	C	snp
-	2151432	G	A	snp
-	2182565	T	C	snp
-	2188239	A	G	snp
-	2203940	A	AG	ins
-	2258348	A	C	snp
-	2269282	G	A	snp
-	2302642	T	G	snp
-	2464533	A	C	snp
-	2477544	C	T	snp
-	2575246	C	G	snp
-	2675793	A	G	snp
-	2682695	T	C	snp
-	2730385	C	T	snp
-	2818201	C	T	snp
-	3070237	T	C	snp
-	3105877	CCATCCCGCGACCCGGCATCGTCGCCGGGGCTAGGCCAGATTGCCCCGCTCCTCAACGGGCCG	C	del
-	3129548	C	T	snp
-	3135401	C	A	snp
-	3135575	A	G	snp
-	3247196	C	T	snp
-	3263273	T	C	snp
-	3297799	G	T	snp
-	3314899	A	C	snp
-	3336253	A	G	snp
-	3387621	G	C	snp
-	3425069	C	G	snp
-	3468916	G	T	snp
-	3476921	C	A	snp
-	3477302	G	C	snp
-	3557270	TG	T	del
-	3563537	A	G	snp
-	3630137	A	G	snp
-	3644118	C	T	snp
-	3644193	T	C	snp
-	3845877	T	C	snp
-	4072302	C	G	snp
-	4082963	C	G	snp
-	4180954	G	GA	ins
-	4230442	G	A	snp
-	4277693	G	A	snp
-	4358110	C	T	snp
-	4409683	G	T	snp
Rv0383c	-84	T	G	snp
ideR	-74	T	C	snp
relK	-36	A	C	snp
Rv1830	-87	G	A	snp
pks1	-28	G	GGGGCCGC	ins
purH	-54	A	G	snp
Rv2295	-2	T	TG	ins
gpdA1	-37	A	C	snp
Rv2295	-4	T	C	snp
Rv1432	-9	T	C	snp
Rv0108c	-73	A	AC	ins
mpg	-48	ATATTCATCACATGATGATTTCATCAAGTGATGAAT	A	del
fadD30	-42	A	C	snp
vapB12	-99	G	A	snp
PE_PGRS38	-87	T	C	snp
Rv3920c	-26	G	A	snp
dinG	-34	TCCCGGC	T	del
adhA	-18	A	AC	ins
Rv1184c	-39	C	T	snp
pepD	-8	C	T	snp
fprA	-9	C	CT	ins
Rv0326	-12	A	G	snp
PPE68	-36	C	A	snp
Rv2955c	-61	C	T	snp
Rv1179c	-40	T	TG	ins
Rv1179c	-39	T	C	snp
blaR	-18	T	C	snp
Rv3338	-72	G	A	snp
Rv0698	-54	A	G	snp
glpD2	-81	C	A	snp
ctpD	-82	G	A	snp
Rv0387c	-95	A	AC	ins
esxP	-81	C	T	snp
Rv2295	-82	C	T	snp
PE_PGRS35	-38	A	G	snp
Rv3654c	-89	TC	T	del
usfY	-41	G	A	snp
esxN	-90	T	C	snp
cfp6	-10	T	C	snp
Rv2049c	-77	TGACC	T	del
folP2	-19	T	C	snp
Rv0826	-83	G	A	snp
fadE17	-48	G	A	snp
Rv1813c	-72	G	A	snp
cyp144	-42	C	T	snp
galK	-23	T	C	snp
Rv3675	-50	G	A	snp
Rv1588c	-97	C	T	snp
fdhF	-7	G	T	snp
mymT	-48	A	G	snp
vapC24	-92	G	A	snp
Rv1117	-61	T	C	snp
Rv0068	-68	G	T	snp
Rv3489	-10	G	A	snp
dctA	-16	A	G	snp
Rv3832c	-85	G	A	snp
parD2	-43	C	T	snp
rpmI	-51	T	G	snp
rplM	-85	GT	G	del
ald	-32	A	G	snp
rpoB	-61	G	A	snp
Rv2302	-57	G	T	snp
Rv3454	-77	C	G	snp
dnaN	-75	T	C	snp
dxs2	-2	C	CGT	ins
Rv3479	-93	G	T	snp
lpqI	-38	TG	T	del
Rv3897c	-15	T	C	snp
Rv3454	-96	TA	T	del
whiB6	-76	AG	A	del
lppF	-65	T	G	snp
Rv2632c	-77	GGT	G	del
Rv0331	-2	A	G	snp
Rv1873	-5	A	C	snp
Rv1667c	-72	G	GCGCGGCAAGA	ins
proV	-24	T	C	snp
eccCb1	-2	C	CGCGCCGCTCCTCCTCATCGCTGCGCTTTGCATCGTCGCCGGCGCGGGCCGTTG	ins
vapB40	-30	A	T	snp
drrB	-99	G	T	snp
Rv2426c	-39	GGCTAGAGGAGACCCGATCGT	G	del
Rv2809	-24	C	G	snp
ppsB	-25	G	T	snp
Rv2943	-45	A	G	snp
pks6	-1	G	A	snp
espA	-41	G	T	snp
whiB5	-45	C	T	snp
Rv1836c	-61	C	A	snp
mce2R	-34	A	G	snp
htrA	-33	A	ACC	ins
Rv1216c	-63	A	G	snp
Rv1717	-4	A	G	snp
Rv0518	-68	A	C	snp
fbpB	-3	A	G	snp
Rv0259c	-96	C	A	snp
Rv0830	-61	G	A	snp
Rv2974c	-8	GGC	G	del
echA11	-19	C	G	snp
Rv1075c	-48	T	C	snp
mce2D	-36	A	C	snp
Rv2998A	-36	G	C	snp
Rv3233c	-21	C	CG	ins
Rv3748	-95	C	CA	ins
parA	-57	A	G	snp
mce2D	-51	T	G	snp
Rv3032A	-31	C	G	snp
Rv0094c	-49	G	A	snp
hsaA	-16	G	A	snp
Rv2695	-79	T	C	snp
Rv2252	-15	A	G	snp
Rv1517	-79	A	G	snp
otsB1	-3	T	C	snp
pta	-44	A	G	snp
Rv3750c	-20	AC	A	del
ahpC	-88	C	T	snp
senX3	-65	A	G	snp
fadD13	-75	C	G	snp
Rv2415c	-11	G	A	snp
fadE20	-86	A	G	snp
Rv3224A	-59	G	A	snp
dacB1	-2	G	A	snp
Rv2206	-31	T	G	snp
idsA2	-98	G	A	snp
regX3	-10	TCTCCCCCGCAAGCGGGTGGTGCCC	T	del
Rv1096	-18	A	G	snp
regX3	-37	A	T	snp
Rv3542c	-3	C	T	snp
Rv3691	-9	C	T	snp
Rv0590A	-11	G	GC	ins
Rv3235	-10	CG	C	del
Rv3114	-35	CG	C	del
Rv0976c	-17	G	GC	ins
Rv1514c	159	S	S	syn	TCG
ppsE	1016	Q	Q	syn	CAG
pknJ	225	A	A	syn	GCC
Rv0219	5	A	A	syn	GCT
cpsY	370	V	V	syn	GTG
ponA1	244	A	A	syn	GCG
mce1R	45	L	L	syn	CTG
bglS	311	N	N	syn	AAC
amiB1	103	A	A	syn	GCG
hsaA	43	A	A	syn	GCT
mbtD	197	A	A	syn	GCA
Rv3033	87	N	N	syn	AAT
otsB1	299	P	P	syn	CCT
Rv1508c	328	G	G	syn	GGT
miaA	142	E	E	syn	GAA
fadD26	139	P	P	syn	CCC
kdpD	211	S	S	syn	TCC
pknJ	209	L	L	syn	CTA
aftD	360	P	P	syn	CCG
panC	113	G	G	syn	GGT
Rv3647c	103	P	P	syn	CCT
Rv3035	92	L	L	syn	CTA
uvrB	17	G	G	syn	GGT
esxV	13	H	H	syn	CAT
mihF	8	V	V	syn	GTT
polA	787	D	D	syn	GAT
Rv1371	299	R	R	syn	CGT
Rv3142c	82	V	V	syn	GTG
glpX	285	T	T	syn	ACA
idsA1	210	A	A	syn	GCA
Rv3618	163	A	A	syn	GCT
Rv1724c	95	K	K	syn	AAG
fadD4	336	Y	Y	syn	TAT
proB	9	I	I	syn	ATT
mgtE	165	S	S	syn	TCA
pks4	217	A	A	syn	GCA
Rv3479	863	A	A	syn	GCG
Rv0083	600	T	T	syn	ACG
Rv2585c	128	A	A	syn	GCC
fadD25	297	V	V	syn	GTG
Rv0749A	37	T	T	syn	ACG
ppdK	355	A	A	syn	GCC
fadD5	550	N	N	syn	AAT
Rv1358	70	R	R	syn	AGG
fadE32	202	Q	Q	syn	CAA
Rv1668c	307	D	D	syn	GAC
frdA	524	S	S	syn	TCT
tlyA	11	L	L	syn	CTG
pyrG	436	V	V	syn	GTA
eccD1	368	L	L	syn	CTC
hemE	292	L	L	syn	TTG
guaB3	47	P	P	syn	CCG
lppB	28	A	A	syn	GCG
PE_PGRS54	45	D	D	syn	GAC
Rv2488c	762	A	A	syn	GCA
Rv2260	16	D	D	syn	GAC
fabG3	6	I	I	syn	ATC
Rv2039c	28	C	C	syn	TGT
Rv2898c	49	D	D	syn	GAT
mycP5	316	I	I	syn	ATT
mce3C	67	K	K	syn	AAG
hadA	72	F	F	syn	TTT
eccA1	157	K	K	syn	AAA
glnA3	283	L	L	syn	CTG
pks8	810	G	G	syn	GGG
Rv2075c	420	G	G	syn	GGG
trpA	30	Y	Y	syn	TAT
Rv2028c	39	R	R	syn	CGG
Rv1249c	119	L	L	syn	CTC
Rv0537c	6	D	D	syn	GAT
ispF	25	V	V	syn	GTG
Rv0307c	94	A	A	syn	GCG
esxV	57	L	L	syn	TTG
cyp125	375	H	H	syn	CAT
eccA2	189	A	A	syn	GCG
Rv2052c	473	P	P	syn	CCC
Rv1676	149	S	S	syn	AGC
pepE	132	L	L	syn	CTA
trpB	83	G	G	syn	GGT
ppk2	80	K	K	syn	AAG
Rv0008c	36	L	L	syn	CTT
Rv2566	66	E	E	syn	GAG
guaB2	275	A	A	syn	GCC
Rv0893c	11	T	T	syn	ACT
Rv3777	63	L	L	syn	CTG
Rv2566	1087	A	A	syn	GCC
Rv2212	265	S	S	syn	TCA
lipF	182	L	L	syn	CTA
PPE69	78	L	L	syn	TTG
Rv3916c	7	A	A	syn	GCT
Rv2237	78	P	P	syn	CCG
rimI	64	A	A	syn	GCC
menC	174	L	L	syn	CTT
lhr	440	A	A	syn	GCT
Rv3888c	118	R	R	syn	CGG
fadD2	313	V	V	syn	GTC
ilvA	266	A	A	syn	GCT
PE8	81	G	G	syn	GGG
ruvB	281	P	P	syn	CCG
fadB	338	A	A	syn	GCT
Rv2263	224	R	R	syn	CGT
Rv1683	335	R	R	syn	CGA
Rv1271c	55	P	P	syn	CCT
lipR	243	V	V	syn	GTC
Rv0412c	363	A	A	syn	GCC
kdpA	284	Q	Q	syn	CAG
Rv1319c	313	E	E	syn	GAA
eccA3	248	V	V	syn	GTT
gatB	343	G	G	syn	GGT
atsF	308	R	R	syn	CGG
Rv0484c	180	G	G	syn	GGC
narH	346	P	P	syn	CCG
lpqH	143	N	N	syn	AAT
mmpL2	890	R	R	syn	CGG
mce4A	184	G	G	syn	GGG
mmpL2	206	A	A	syn	GCG
PE_PGRS28	12	A	A	syn	GCG
PE_PGRS28	13	A	A	syn	GCC
Rv0143c	478	T	T	syn	ACT
PE_PGRS28	14	A	A	syn	GCA
dnaZX	97	H	H	syn	CAT
argH	354	L	L	syn	CTA
PE_PGRS17	317	V	V	syn	GTC
nirB	686	K	K	syn	AAG
lpqJ	152	E	E	syn	GAA
Rv1186c	472	D	D	syn	GAT
Rv1592c	321	E	E	syn	GAG
Rv2414c	183	P	P	syn	CCA
nuoF	250	F	F	syn	TTT
cyp144	75	G	G	syn	GGG
aspS	48	A	A	syn	GCG
Rv3847	168	T	T	syn	ACG
mrsA	385	A	A	syn	GCT
Rv1588c	53	V	V	syn	GTC
PE_PGRS4	135	L	L	syn	TTG
Rv2962c	237	A	A	syn	GCC
Rv1588c	54	G	G	syn	GGG
lipL	120	F	F	syn	TTC
Rv0381c	124	T	T	syn	ACC
purM	63	G	G	syn	GGC
fadE33	121	L	L	syn	CTG
aroG	262	S	S	syn	TCG
moeB1	339	K	K	syn	AAA
vapB13	87	R	R	syn	CGA
Rv3714c	209	P	P	syn	CCG
Rv1254	310	A	A	syn	GCG
Rv2542	251	V	V	syn	GTC
Rv0541c	281	V	V	syn	GTA
Rv3813c	72	A	A	syn	GCT
Rv0575c	116	Q	Q	syn	CAG
alkA	254	P	P	syn	CCA
Rv1587c	179	L	L	syn	CTC
Rv1125	299	A	A	syn	GCC
Rv0195	72	A	A	syn	GCG
Rv1816	232	A	A	syn	GCG
PE1	485	L	L	syn	TTG
lprO	63	L	L	syn	CTA
moeA1	151	R	R	syn	CGC
Rv0051	102	Q	Q	syn	CAA
fadB	275	D	D	syn	GAC
Rv3822	148	G	G	syn	GGG
Rv0565c	130	V	V	syn	GTA
mce2D	465	P	P	syn	CCC
Rv2426c	226	L	L	syn	TTG
ponA2	124	A	A	syn	GCT
tesB1	224	G	G	syn	GGT
mbtF	349	I	I	syn	ATT
Rv1148c	387	A	A	syn	GCC
Rv2893	104	G	G	syn	GGC
Rv1125	285	P	P	syn	CCC
Rv3910	380	I	I	syn	ATT
Rv2091c	195	V	V	syn	GTT
ribC	111	A	A	syn	GCT
PPE33	155	A	A	syn	GCC
fadE35	71	G	G	syn	GGC
pks5	83	G	G	syn	GGA
glpK	368	L	L	syn	TTG
fadD13	302	A	A	syn	GCG
PPE8	1994	A	A	syn	GCA
mgtA	107	G	G	syn	GGC
Rv0376c	26	P	P	syn	CCG
grcC1	60	R	R	syn	CGC
fbpA	4	V	V	syn	GTC
mce1F	418	G	G	syn	GGT
fadH	656	A	A	syn	GCC
mce1F	417	P	P	syn	CCG
PPE19	17	Y	Y	syn	TAT
pks13	900	R	R	syn	CGT
ispF	133	T	T	syn	ACG
nrp	2463	T	T	syn	ACT
pks12	2144	D	D	syn	GAC
pks12	2145	P	P	syn	CCC
pbpB	539	R	R	syn	CGG
glpK	378	R	R	syn	CGT
ctpV	395	T	T	syn	ACA
Rv3433c	442	A	A	syn	GCG
mtr	201	V	V	syn	GTA
Rv3529c	155	A	A	syn	GCG
kdpD	712	E	E	syn	GAA
Rv1639c	180	T	T	syn	ACC
citE	219	K	K	syn	AAA
Rv0459	110	R	R	syn	CGA
ctpH	904	R	R	syn	CGA
cyp51	114	A	A	syn	GCC
Rv1682	298	A	A	syn	GCC
Rv2573	160	Y	Y	syn	TAC
smc	455	H	H	syn	CAT
ctaD	182	T	T	syn	ACC
Rv1362c	20	E	E	syn	GAA
Rv0601c	9	G	G	syn	GGT
Rv3551	66	V	V	syn	GTT
Rv3703c	385	Y	Y	syn	TAC
ffh	35	R	R	syn	CGG
menD	142	A	A	syn	GCG
rpoB	876	G	G	syn	GGG
Rv3903c	673	D	D	syn	GAT
polA	615	T	T	syn	ACG
Rv3403c	235	V	V	syn	GTA
echA2	149	T	T	syn	ACC
fadD4	508	C	C	syn	TGC
Rv3776	134	L	L	syn	CTG
fas	684	D	D	syn	GAC
asd	121	P	P	syn	CCC
esxO	26	A	A	syn	GCC
mgtE	336	T	T	syn	ACT
Rv3243c	217	V	V	syn	GTG
Rv1985c	34	P	P	syn	CCC
yrbE2A	160	L	L	syn	CTC
ctpI	322	A	A	syn	GCG
pepB	94	L	L	syn	CTA
bfrB	156	L	L	syn	CTG
radA	152	Q	Q	syn	CAA
Rv2041c	242	D	D	syn	GAC
mmpL4	97	L	L	syn	CTC
Rv2314c	388	G	G	syn	GGC
Rv1148c	439	K	K	syn	AAA
idi	89	R	R	syn	CGG
eccB4	417	G	G	syn	GGG
Rv3586	8	T	T	syn	ACT
mprA	133	S	S	syn	TCT
Rv2567	491	G	G	syn	GGT
Rv1056	163	T	T	syn	ACC
Rv1333	34	V	V	syn	GTA
Rv2326c	516	N	N	syn	AAC
PE_PGRS47	56	G	G	syn	GGG
phoY2	94	G	G	syn	GGC
mpt53	52	A	A	syn	GCC
PPE18	182	L	L	syn	CTT
ppm1	379	S	S	syn	TCA
Rv2230c	144	E	E	syn	GAA
ppsD	1261	S	S	syn	TCG
Rv1501	84	I	I	syn	ATC
atsA	357	S	S	syn	TCT
Rv0175	176	V	V	syn	GTA
thrC	265	Q	Q	syn	CAA
fadD7	273	L	L	syn	TTG
Rv1977	253	S	S	syn	TCG
Rv2891	71	L	L	syn	CTA
nmtR	120	G	G	syn	GGA
eccC5	1204	S	S	syn	AGC
choD	183	G	G	syn	GGC
PPE37	406	A	A	syn	GCT
Rv3909	768	G	G	syn	GGA
rpsK	106	A	A	syn	GCT
Rv0406c	257	T	T	syn	ACG
fhaA	480	R	R	syn	AGG
pks13	1309	R	R	syn	CGC
Rv0063	30	T	T	syn	ACT
Rv0397A	73	V	V	syn	GTA
Rv2631	65	L	L	syn	TTG
kgtP	350	V	V	syn	GTC
Rv2795c	241	C	C	syn	TGC
lysX	67	P	P	syn	CCG
ispD	93	V	V	syn	GTC
Rv3440c	28	E	E	syn	GAA
Rv3900c	27	L	L	syn	CTG
rnhB	78	A	A	syn	GCT
ansA	323	D	D	syn	GAT
fas	2778	S	S	syn	TCC
Rv2258c	52	A	A	syn	GCC
relG	21	R	R	syn	CGA
Rv0149	280	G	G	syn	GGC
aofH	283	Q	Q	syn	CAA
fdhD	269	Y	Y	syn	TAT
mce3F	363	P	P	syn	CCA
aspC	109	Y	Y	syn	TAT
mfd	41	T	T	syn	ACC
purH	76	P	P	syn	CCG
Rv2256c	65	T	T	syn	ACC
esxO	83	A	A	syn	GCG
Rv1367c	54	L	L	syn	CTC
fadD8	467	F	F	syn	TTT
Rv1632c	138	G	G	syn	GGT
Rv2569c	67	S	S	syn	AGT
nrdZ	539	A	A	syn	GCC
PPE18	142	G	G	syn	GGG
purF	480	A	A	syn	GCC
Rv3729	688	I	I	syn	ATA
thyA	16	T	T	syn	ACT
pks12	3602	G	G	syn	GGC
Rv2731	225	A	A	syn	GCT
kdpA	459	N	N	syn	AAT
Rv0372c	170	T	T	syn	ACA
Rv2078	8	L	L	syn	CTG
Rv3896c	266	A	A	syn	GCG
Rv2631	374	A	A	syn	GCA
leuB	179	T	T	syn	ACC
Rv0064	455	A	A	syn	GCA
Rv3047c	28	R	R	syn	CGT
Rv3736	284	A	A	syn	GCC
adi	841	A	A	syn	GCC
Rv3041c	16	A	A	syn	GCC
Rv3228	32	A	A	syn	GCC
Rv1888A	55	G	G	syn	GGA
echA1	16	V	V	syn	GTC
Rv0970	210	V	V	syn	GTC
pks2	1197	D	D	syn	GAT
papA1	78	H	H	syn	CAT
pks12	2250	A	A	syn	GCC
thrA	314	A	A	syn	GCT
Rv2327	91	R	R	syn	CGG
pstS3	228	N	N	syn	AAT
gap	279	L	L	syn	CTA
Rv0104	294	P	P	syn	CCC
nuoM	264	P	P	syn	CCA
PPE19	131	T	T	syn	ACG
Rv0528	168	L	L	syn	CTA
Rv2077c	96	A	A	syn	GCC
glpD1	449	N	N	syn	AAT
Rv1769	209	A	A	syn	GCT
lpqQ	57	Y	Y	syn	TAC
Rv1749c	80	A	A	syn	GCT
PPE37	10	P	P	syn	CCA
Rv1867	380	G	G	syn	GGT
Rv1217c	204	S	S	syn	AGT
gid	205	A	A	syn	GCG
Rv2477c	515	D	D	syn	GAT
lpqY	15	V	V	syn	GTG
pdc	528	A	A	syn	GCG
nrp	2000	V	V	syn	GTG
Rv0249c	105	P	P	syn	CCT
Rv2000	236	A	A	syn	GCG
Rv1868	530	P	P	syn	CCA
nei	77	R	R	syn	CGG
Rv1319c	510	E	E	syn	GAG
lysX	809	R	R	syn	CGG
Rv3239c	874	L	L	syn	CTG
helZ	455	V	V	syn	GTG
menE	122	G	G	syn	GGG
accD6	200	D	D	syn	GAC
ponA1	629	P	P	syn	CCT
Rv2613c	6	R	R	syn	CGT
Rv2509	263	K	K	syn	AAA
PPE54	378	T	T	syn	ACC
Rv1050	290	A	A	syn	GCT
Rv1319c	518	E	E	syn	GAA
Rv1319c	519	T	T	syn	ACC
Rv3831	133	S	S	syn	AGT
rpsI	71	A	A	syn	GCG
Rv1691	63	L	L	syn	CTG
fadD35	85	A	A	syn	GCA
Rv0698	34	R	R	syn	CGA
embC	927	R	R	syn	CGT
mmpL11	830	Q	Q	syn	CAA
Rv3134c	169	A	A	syn	GCG
Rv2267c	344	Y	Y	syn	TAT
narG	15	L	L	syn	CTC
fadD2	82	D	D	syn	GAT
Rv3098c	66	A	A	syn	GCC
Rv0360c	90	K	K	syn	AAA
Rv0386	217	V	V	syn	GTA
pks2	1588	A	A	syn	GCC
Rv3903c	461	P	P	syn	CCA
Rv3175	463	G	G	syn	GGT
vapC25	51	T	T	syn	ACT
Rv1251c	773	T	T	syn	ACG
ndh	197	L	L	syn	TTA
Rv0988	328	I	I	syn	ATT
accD4	9	H	H	syn	CAC
lprQ	294	D	D	syn	GAT
aftD	327	V	V	syn	GTC
ppsC	270	G	G	syn	GGG
dnaK	58	A	A	syn	GCG
Rv0034	55	A	A	syn	GCG
Rv1138c	221	L	L	syn	TTG
Rv0370c	134	L	L	syn	CTG
fadD30	176	A	A	syn	GCG
mmpS3	59	A	A	syn	GCT
rpoB	1075	A	A	syn	GCC
PE_PGRS10	799	G	G	syn	GGT
